{
  "p1": [
    -0.390625,
    31.427182934657996,
    -10.9375,
    29.86242986396166,
    -21.09375,
    25.70188077959456,
    -30.228349989906732,
    18.75,
    -37.20412873747769,
    8.984375,
    -38.71709891916576,
    -3.125,
    -35.1343113637887,
    -14.0625,
    -28.297072541450923,
    -23.4375,
    -20.299696684800494,
    -30.46875,
    -10.9375,
    -36.28907616672126,
    -0.390625,
    -38.923927764680116,
    10.546875,
    -36.50917966186218,
    19.921875,
    -30.5767521654913,
    27.898156097114168,
    -23.4375,
    34.375,
    -14.289401198432373,
    37.809218226320695,
    -3.125,
    36.98015014699754,
    9.375,
    30.457259495505035,
    19.140625,
    20.464765953581704,
    25.78125,
    10.546875,
    29.924757733705917,
    0.0,
    31.435517518289075
  ],
  "p09": [
    -0.390625,
    20.025027357579567,
    -6.640625,
    19.242439966497532,
    -13.28125,
    16.91174958111864,
    -19.53125,
    13.071627742333643,
    -24.71083389580213,
    7.031249999999999,
    -26.359794893571753,
    -1.171875,
    -23.77261845684498,
    -8.59375,
    -18.65694753876543,
    -14.453125,
    -12.890625,
    -18.571631191760567,
    -6.866957289299849,
    -21.484375,
    -0.390625,
    -22.724618046545682,
    6.436729455790986,
    -21.484375,
    12.5,
    -18.521928867787608,
    18.079912247086334,
    -14.453125,
    23.154000954221498,
    -8.59375,
    25.814406822684173,
    -1.171875,
    24.506866696155516,
    7.03125,
    19.237141465477272,
    13.28125,
    12.890625,
    16.99492304566103,
    6.25,
    19.27598711035968,
    0.0,
    20.026440512666262
  ],
  "p08": [
    -0.390625,
    16.584218665884965,
    -5.46875,
    15.950310879777843,
    -10.546875,
    14.172298361665476,
    -15.625,
    11.097057602681229,
    -20.02533358057637,
    6.25,
    -21.64140929041931,
    -0.390625,
    -19.53125,
    -6.557816892581065,
    -15.26480151203172,
    -11.328125,
    -10.546875,
    -14.544915548995144,
    -5.46875,
    -16.69369272861683,
    -0.390625,
    -17.469911840941577,
    5.078125,
    -16.665274565109556,
    10.15625,
    -14.470327835315231,
    14.84375,
    -11.184482524854332,
    18.878828605096643,
    -6.640625,
    21.15849367931089,
    -0.390625,
    19.803430024914007,
    6.25,
    15.625,
    10.999466577012056,
    10.15625,
    14.248609362255197,
    5.078125,
    15.975229279464502,
    0.0,
    16.58510332143525
  ],
  "p07": [
    -0.390625,
    14.224871688487386,
    -4.6875,
    13.679690779616077,
    -8.984375,
    12.127643970831372,
    -13.27077257263114,
    9.375,
    -16.65898907481849,
    5.46875,
    -18.03744140627741,
    0.0,
    -16.395580867844398,
    -5.078125,
    -12.890625,
    -9.13932353553469,
    -8.984375,
    -11.840532861220861,
    -4.6875,
    -13.59917406703346,
    -0.390625,
    -14.214175910549752,
    4.296875,
    -13.57046963914253,
    8.59375,
    -11.766824836781124,
    12.5,
    -8.987263905892146,
    15.836715057246607,
    -5.078125,
    17.58721392588991,
    0.0,
    16.39581610074731,
    5.46875,
    12.890625000000002,
    9.520338580710352,
    8.59375,
    12.19178512277006,
    4.296875,
    13.70081413507721,
    0.0,
    14.225638052745389
  ],
  "p06": [
    -0.390625,
    12.051507416706796,
    -3.90625,
    11.603768156876404,
    -7.421875,
    10.313246565461014,
    -10.9375,
    7.944077805883965,
    -13.577100394462136,
    4.6875,
    -14.649780066158877,
    0.390625,
    -13.395797431193696,
    -3.90625,
    -10.546875,
    -7.363732331031871,
    -7.421875,
    -9.559261220824485,
    -3.90625,
    -10.971301717195956,
    -0.390625,
    -11.456611900354286,
    3.515625,
    -10.944050237160699,
    7.03125,
    -9.494570537409574,
    10.15625,
    -7.241153494142302,
    12.881218964453303,
    -3.90625,
    14.222203538300409,
    0.390625,
    13.28125,
    4.6533270420357455,
    10.546875,
    8.047815951322665,
    7.03125,
    10.359462965300292,
    3.515625,
    11.61980856583487,
    0.0,
    12.052217059471136
  ],
  "p05": [
    -0.39062500000000006,
    9.88584835317016,
    -3.125,
    9.535092249452077,
    -5.859375,
    8.527263171840648,
    -8.59375,
    6.632829736558422,
    -10.662601825576258,
    3.9062499999999996,
    -11.428016635859832,
    0.390625,
    -10.546875,
    -2.8159018370704807,
    -8.550865395815496,
    -5.46875,
    -5.887052154951715,
    -7.421875,
    -3.125,
    -8.515199121962599,
    -0.390625,
    -8.88367582517781,
    2.734375,
    -8.491056060071449,
    5.46875,
    -7.38285045934067,
    8.05670137804103,
    -5.46875,
    10.113763674031837,
    -2.734375,
    11.002780645969626,
    0.390625,
    10.306134685225551,
    3.9062499999999996,
    8.203125,
    6.690023198038632,
    5.46875,
    8.556174055977412,
    2.734375,
    9.546255982619613,
    0.0,
    9.886503220945961
  ],
  "p04": [
    -0.390625,
    7.508470651574106,
    -2.34375,
    7.249072428317856,
    -4.296875,
    6.516730795345097,
    -6.286865848894684,
    5.078125,
    -7.671756847872701,
    3.125,
    -8.203125,
    0.7392087415189563,
    -7.7165144455743,
    -1.5625,
    -6.25,
    -3.71006690070873,
    -4.470846587006639,
    -5.078125,
    -2.34375,
    -5.942867853333821,
    -0.390625,
    -6.208221617995155,
    1.953125,
    -5.921834988855602,
    3.90625,
    -5.131709692241138,
    5.859374999999999,
    -3.631228387205604,
    7.265456675289452,
    -1.5625,
    7.7832201047710035,
    0.78125,
    7.282830078538371,
    3.125,
    5.859375,
    5.133516399593859,
    3.90625,
    6.529723832772196,
    1.953125,
    7.254917951888977,
    0.0,
    7.508961791665783
  ],
  "p03": [
    -0.390625,
    3.8619629933887225,
    -1.171875,
    3.7434501329910566,
    -1.953125,
    3.4572857897362717,
    -2.929520063405442,
    2.734375,
    -3.515625,
    1.8348647326404408,
    -3.728680594687779,
    0.78125,
    -3.515625,
    -0.2653617419596822,
    -2.932440989474364,
    -1.171875,
    -1.953125,
    -1.91023164401234,
    -1.171875,
    -2.1997198766146577,
    -0.390625,
    -2.317241404544936,
    0.78125,
    -2.184203350705376,
    1.5625,
    -1.8793438808082725,
    2.490373348850187,
    -1.171875,
    3.026890424157079,
    -0.390625,
    3.30312452248772,
    0.78125,
    3.125,
    1.7677924716588238,
    2.5215871280004416,
    2.734375,
    1.5625,
    3.4509586890247874,
    0.78125,
    3.7408739566438705,
    0.0,
    3.8614891716355997
  ],
  "p02": [
    -50.0,
    38.671875,
    -50.0,
    38.671875,
    -50.0,
    38.671875,
    -50.0,
    38.671875,
    -50.0,
    38.671875,
    -50.0,
    38.671875,
    -50.0,
    38.671875,
    -50.0,
    38.671875,
    -50.0,
    38.671875,
    -50.0,
    38.671875,
    -50.0,
    38.671875,
    -50.0,
    38.671875,
    -50.0,
    38.671875,
    -50.0,
    38.671875,
    -50.0,
    38.671875,
    -50.0,
    38.671875,
    -50.0,
    38.671875,
    -50.0,
    38.671875,
    -50.0,
    38.671875,
    -50.0,
    38.671875,
    -50.0,
    38.671875
  ],
  "p01": [
    -50.0,
    38.671875,
    -50.0,
    38.671875,
    -50.0,
    38.671875,
    -50.0,
    38.671875,
    -50.0,
    38.671875,
    -50.0,
    38.671875,
    -50.0,
    38.671875,
    -50.0,
    38.671875,
    -50.0,
    38.671875,
    -50.0,
    38.671875,
    -50.0,
    38.671875,
    -50.0,
    38.671875,
    -50.0,
    38.671875,
    -50.0,
    38.671875,
    -50.0,
    38.671875,
    -50.0,
    38.671875,
    -50.0,
    38.671875,
    -50.0,
    38.671875,
    -50.0,
    38.671875,
    -50.0,
    38.671875,
    -50.0,
    38.671875
  ]
}